Date,Price
2024-12-02 16:00:00,97195.3
2024-12-01 16:00:00,97073.9
2024-11-30 16:00:00,96728.3
2024-11-29 16:00:00,98386.7
2024-11-28 16:00:00,94994.2
2024-11-27 16:00:00,95851.8
2024-11-26 16:00:00,92915.2
2024-11-25 16:00:00,96223.7
2024-11-24 16:00:00,96074.4
2024-11-23 16:00:00,98608.7
2024-11-22 16:00:00,98876.8
2024-11-21 16:00:00,96909.5
2024-11-20 16:00:00,94879
2024-11-19 16:00:00,92498.9
2024-11-18 16:00:00,92303.5
2024-11-17 16:00:00,90291.4
2024-11-16 16:00:00,90444.9
2024-11-15 16:00:00,88360.8
2024-11-14 16:00:00,88034.5
2024-11-13 16:00:00,92676.7
2024-11-12 16:00:00,86541.6
2024-11-11 16:00:00,84219.5
2024-11-10 16:00:00,79811.2
2024-11-09 16:00:00,76351.9
2024-11-08 16:00:00,76417.1
2024-11-07 16:00:00,76017.1
2024-11-06 16:00:00,68593.9
2024-11-05 16:00:00,68593.9
2024-11-04 16:00:00,68593.9
2024-11-03 16:00:00,68102.2
2024-11-02 16:00:00,69396.9
2024-11-01 16:00:00,69443
2024-10-31 16:00:00,70628.2
2024-10-30 16:00:00,72040.5
2024-10-29 16:00:00,72368.3
2024-10-28 16:00:00,68416.7
2024-10-27 16:00:00,67731.1
2024-10-26 16:00:00,66796.2
2024-10-25 16:00:00,67651.3
2024-10-24 16:00:00,67672.1
2024-10-23 16:00:00,66141.6
2024-10-22 16:00:00,67274.4
2024-10-21 16:00:00,67235.5
2024-10-20 16:00:00,68596.7
2024-10-19 16:00:00,68197.3
2024-10-18 16:00:00,68822.5
2024-10-17 16:00:00,67538
2024-10-16 16:00:00,67717.7
2024-10-15 16:00:00,65946.5
2024-10-14 16:00:00,65972.6
2024-10-13 16:00:00,62228.4
2024-10-12 16:00:00,63129.3
2024-10-11 16:00:00,62302.1
2024-10-10 16:00:00,60735
2024-10-09 16:00:00,62278.6
2024-10-08 16:00:00,62258.7
2024-10-07 16:00:00,63593.7
2024-10-06 16:00:00,62721.4
2024-10-05 16:00:00,62170.8
2024-10-04 16:00:00,61816.5
2024-10-03 16:00:00,60558.3
2024-10-02 16:00:00,61831.5
2024-10-01 16:00:00,62666.1
2024-09-30 16:00:00,63567
2024-09-29 16:00:00,65773.3
2024-09-28 16:00:00,65637.6
2024-09-27 16:00:00,66058.2
2024-09-26 16:00:00,65255.1
2024-09-25 16:00:00,63485.1
2024-09-24 16:00:00,63197.3
2024-09-23 16:00:00,63656
2024-09-22 16:00:00,62687.2
2024-09-21 16:00:00,63192
2024-09-20 16:00:00,63213.9
2024-09-19 16:00:00,63174.3
2024-09-18 16:00:00,59471.8
2024-09-17 16:00:00,61107.9
2024-09-16 16:00:00,57924.6
2024-09-15 16:00:00,60356.3
2024-09-14 16:00:00,59895.6
2024-09-13 16:00:00,59635.4
2024-09-12 16:00:00,57483
2024-09-11 16:00:00,56694.9
2024-09-10 16:00:00,56716.8
2024-09-09 16:00:00,55400.3
2024-09-08 16:00:00,53767.6
2024-09-07 16:00:00,54774.6
2024-09-06 16:00:00,54010
2024-09-05 16:00:00,55984.3
2024-09-04 16:00:00,58136.6
2024-09-03 16:00:00,57690.4
2024-09-02 16:00:00,58556.2
2024-09-01 16:00:00,58173
2024-08-31 16:00:00,59007.3
2024-08-30 16:00:00,58022.4
2024-08-29 16:00:00,60810.6
2024-08-28 16:00:00,59004.3
2024-08-27 16:00:00,61665.5
2024-08-26 16:00:00,63592.8
2024-08-25 16:00:00,64152.9
2024-08-24 16:00:00,63998.2
2024-08-23 16:00:00,61529.4
2024-08-22 16:00:00,60272.7
2024-08-21 16:00:00,59643.9
2024-08-20 16:00:00,58811.5
2024-08-19 16:00:00,58604.2
2024-08-18 16:00:00,59863.7
2024-08-17 16:00:00,59399.8
2024-08-16 16:00:00,58112.6
2024-08-15 16:00:00,59727
2024-08-14 16:00:00,59500.2
2024-08-13 16:00:00,59518
2024-08-12 16:00:00,60183.5
2024-08-11 16:00:00,60144.5
2024-08-10 16:00:00,60588.5
2024-08-09 16:00:00,59912
2024-08-08 16:00:00,59516.4
2024-08-07 16:00:00,56107
2024-08-06 16:00:00,56371.6
2024-08-05 16:00:00,54320.9
2024-08-04 16:00:00,58974.2
2024-08-03 16:00:00,60849.6
2024-08-02 16:00:00,63563.3
2024-08-01 16:00:00,63018.7
2024-07-31 16:00:00,66357.4
2024-07-30 16:00:00,66235.8
2024-07-29 16:00:00,68089.5
2024-07-28 16:00:00,67653
2024-07-27 16:00:00,68848.8
2024-07-26 16:00:00,67505.2
2024-07-25 16:00:00,64661
2024-07-24 16:00:00,66254.5
2024-07-23 16:00:00,66506.7
2024-07-22 16:00:00,67103.5
2024-07-21 16:00:00,67194
2024-07-20 16:00:00,66796.6
2024-07-19 16:00:00,65802.1
2024-07-18 16:00:00,63509.8
2024-07-17 16:00:00,64751.6
2024-07-16 16:00:00,64925.6
2024-07-15 16:00:00,63045.9
2024-07-14 16:00:00,60117.4
2024-07-13 16:00:00,58836.2
2024-07-12 16:00:00,58235.6
2024-07-11 16:00:00,57326.2
2024-07-10 16:00:00,57732.3
2024-07-09 16:00:00,57478.5
2024-07-08 16:00:00,55705.7
2024-07-07 16:00:00,56842.5
2024-07-06 16:00:00,57314
2024-07-05 16:00:00,56585
2024-07-04 16:00:00,58082.2
2024-07-03 16:00:00,60100.9
2024-07-02 16:00:00,61876.8
2024-07-01 16:00:00,62956.6
2024-06-30 16:00:00,61602.6
2024-06-29 16:00:00,60986
2024-06-28 16:00:00,60992.8
2024-06-27 16:00:00,61545.7
2024-06-26 16:00:00,61404.6
2024-06-25 16:00:00,61851.7
2024-06-24 16:00:00,60686.3
2024-06-23 16:00:00,64055.1
2024-06-22 16:00:00,64276.3
2024-06-21 16:00:00,63627.3
2024-06-20 16:00:00,64802.6
2024-06-19 16:00:00,64842.3
2024-06-18 16:00:00,64552.5
2024-06-17 16:00:00,65300.8
2024-06-16 16:00:00,66659.8
2024-06-15 16:00:00,66258.7
2024-06-14 16:00:00,66329.9
2024-06-13 16:00:00,66385.6
2024-06-12 16:00:00,69733.1
2024-06-11 16:00:00,66232.8
2024-06-10 16:00:00,70049
2024-06-09 16:00:00,69537.9
2024-06-08 16:00:00,69415.1
2024-06-07 16:00:00,71059.4
2024-06-06 16:00:00,71265
2024-06-05 16:00:00,71662.5
2024-06-04 16:00:00,70424.9
2024-06-03 16:00:00,69544
2024-06-02 16:00:00,68097.3
2024-06-01 16:00:00,67658.2
2024-05-31 16:00:00,67207.1
2024-05-30 16:00:00,68511.9
2024-05-29 16:00:00,67310.5
2024-05-28 16:00:00,68328.4
2024-05-27 16:00:00,70293.2
2024-05-26 16:00:00,68798.9
2024-05-25 16:00:00,68917.7
2024-05-24 16:00:00,68272.9
2024-05-23 16:00:00,68052.8
2024-05-22 16:00:00,70422.3
2024-05-21 16:00:00,69678.6
2024-05-20 16:00:00,67484.1
2024-05-19 16:00:00,66896.8
2024-05-18 16:00:00,66860.7
2024-05-17 16:00:00,67266.1
2024-05-17 16:00:00,67266.1
2024-05-16 16:00:00,65817.9
2024-05-15 16:00:00,64789.9
2024-05-14 16:00:00,61709
2024-05-13 16:00:00,63051.6
2024-05-12 16:00:00,61350.5
2024-05-11 16:00:00,61189.4
2024-05-10 16:00:00,60844.2
2024-05-09 16:00:00,62100.2
2024-05-08 16:00:00,62273.2
2024-05-07 16:00:00,63741.9
2024-05-06 16:00:00,63702.1
2024-05-05 16:00:00,64467.8
2024-05-04 16:00:00,63662.4
2024-05-03 16:00:00,61773.7
2024-05-02 16:00:00,59260.1
2024-05-01 16:00:00,56792.7
2024-04-30 16:00:00,60827.4
2024-04-29 16:00:00,63002.8
2024-04-28 16:00:00,63551.6
2024-04-27 16:00:00,62899.9
2024-04-26 16:00:00,63485.2
2024-04-25 16:00:00,64049.9
2024-04-24 16:00:00,64618.8
2024-04-23 16:00:00,66406.1
2024-04-22 16:00:00,66021.8
2024-04-21 16:00:00,65057.2
2024-04-20 16:00:00,64816.5
2024-04-19 16:00:00,64488.7
2024-04-18 16:00:00,63545.6
2024-04-17 16:00:00,60449.2
2024-04-16 16:00:00,61931.3
2024-04-15 16:00:00,64513.7
2024-04-14 16:00:00,64189.6
2024-04-13 16:00:00,67755.3
2024-04-12 16:00:00,69387.6
2024-04-11 16:00:00,70013.4
2024-04-10 16:00:00,68657.1
2024-04-09 16:00:00,69148.4
2024-04-08 16:00:00,71767.7
2024-04-07 16:00:00,69688.9
2024-04-06 16:00:00,68134.2
2024-04-05 16:00:00,68095.9
2024-04-04 16:00:00,67669.3
2024-04-03 16:00:00,65876.2
2024-04-02 16:00:00,64718
2024-04-01 16:00:00,68318.7
2024-03-31 16:00:00,70404.3
2024-03-30 16:00:00,70052.6
2024-03-29 16:00:00,69174.7
2024-03-28 16:00:00,71296.3
2024-03-27 16:00:00,68979.1
2024-03-26 16:00:00,70261.1
2024-03-25 16:00:00,69703.1
2024-03-24 16:00:00,65666.5
2024-03-23 16:00:00,65096.7
2024-03-22 16:00:00,63843.9
2024-03-21 16:00:00,66486
2024-03-20 16:00:00,63539.8
2024-03-19 16:00:00,63919.8
2024-03-18 16:00:00,67432.7
2024-03-17 16:00:00,67993.3
2024-03-16 16:00:00,68377.9
2024-03-15 16:00:00,68175.1
2024-03-14 16:00:00,70952
2024-03-13 16:00:00,72737
2024-03-12 16:00:00,71670.4
2024-03-11 16:00:00,72096.2
2024-03-10 16:00:00,69306.7
2024-03-09 16:00:00,68397.5
2024-03-08 16:00:00,67960.4
2024-03-07 16:00:00,67465.9
2024-03-06 16:00:00,66386.1
2024-03-05 16:00:00,66920.5
2024-03-04 16:00:00,66476.8
2024-03-03 16:00:00,62207.5
2024-03-02 16:00:00,61823.3
2024-03-01 16:00:00,61217.9
2024-02-29 16:00:00,62823.1
2024-02-28 16:00:00,60978.9
2024-02-27 16:00:00,56776.6
2024-02-26 16:00:00,52766.7
2024-02-25 16:00:00,51507.4
2024-02-24 16:00:00,51121
2024-02-23 16:00:00,50907.2
2024-02-22 16:00:00,51581
2024-02-21 16:00:00,51124.3
2024-02-20 16:00:00,51680.3
2024-02-19 16:00:00,52115.3
2024-02-18 16:00:00,51796.5
2024-02-17 16:00:00,51020.2
2024-02-16 16:00:00,51812.5
2024-02-15 16:00:00,51900.4
2024-02-14 16:00:00,51603.3
2024-02-13 16:00:00,48775.3
2024-02-12 16:00:00,49931.6
2024-02-11 16:00:00,47135.6
2024-02-10 16:00:00,47135.6
2024-02-09 16:00:00,47135.6
2024-02-08 16:00:00,43041.6
2024-02-07 16:00:00,43041.6
2024-02-06 16:00:00,42601.1
2024-02-05 16:00:00,42601.1
2024-02-04 16:00:00,43091.2
2024-02-03 16:00:00,43091.2
2024-02-02 16:00:00,43170.8
2024-02-01 16:00:00,42584.9
2024-01-31 16:00:00,43349.3
2024-01-30 16:00:00,43365.2
2024-01-29 16:00:00,42492.8
2024-01-28 16:00:00,42272.2
2024-01-27 16:00:00,41812.7
2024-01-26 16:00:00,41378.3
2024-01-25 16:00:00,39839.6
2024-01-24 16:00:00,40029.6
2024-01-23 16:00:00,39158.7
2024-01-22 16:00:00,40674.8
2024-01-21 16:00:00,41670.2
2024-01-20 16:00:00,41558.4
2024-01-19 16:00:00,40891.9
2024-01-18 16:00:00,42605.9
2024-01-17 16:00:00,42509.9
2024-01-16 16:00:00,43205.7
2024-01-15 16:00:00,42249.2
2024-01-14 16:00:00,42911.8
2024-01-13 16:00:00,43181.7
2024-01-12 16:00:00,44366.8
2024-01-11 16:00:00,46668
2024-01-10 16:00:00,45455.6
2024-01-09 16:00:00,46919.8
2024-01-08 16:00:00,44995.6
2024-01-07 16:00:00,44088.4
2024-01-06 16:00:00,43899.3
2024-01-05 16:00:00,43462.7
2024-01-04 16:00:00,44118
2024-01-03 16:00:00,42869.1
2024-01-02 16:00:00,45207.9
2024-01-01 16:00:00,42802.4
2023-12-31 16:00:00,42458.7
2023-12-30 16:00:00,42402.5
2023-12-29 16:00:00,42329
2023-12-28 16:00:00,42477.4
2023-12-27 16:00:00,43022
2023-12-26 16:00:00,42413.1
2023-12-25 16:00:00,43645.3
2023-12-24 16:00:00,43746.2
2023-12-23 16:00:00,43794.4
2023-12-22 16:00:00,43698.1
2023-12-21 16:00:00,43786.4
2023-12-20 16:00:00,44027.6
2023-12-19 16:00:00,42469.2
2023-12-18 16:00:00,41274.9
2023-12-17 16:00:00,41794.4
2023-12-16 16:00:00,42549.9
2023-12-15 16:00:00,41861.2
2023-12-14 16:00:00,42470.7
2023-12-13 16:00:00,41920.9
2023-12-12 16:00:00,41336.4
2023-12-11 16:00:00,41808.4
2023-12-10 16:00:00,43932.2
2023-12-09 16:00:00,44099
2023-12-08 16:00:00,43826.7
2023-12-07 16:00:00,43663.9
2023-12-06 16:00:00,43840.8
2023-12-05 16:00:00,42322.1
2023-12-04 16:00:00,41265.6
2023-12-03 16:00:00,39780.1
2023-12-02 16:00:00,38825.9
2023-12-01 16:00:00,38428.8
2023-11-30 16:00:00,37576.9
2023-11-29 16:00:00,37843.5
2023-11-28 16:00:00,37530.9
2023-11-27 16:00:00,36805.4
2023-11-26 16:00:00,37463.1
2023-11-25 16:00:00,37717.4
2023-11-24 16:00:00,38230.8
2023-11-23 16:00:00,36931.1
2023-11-22 16:00:00,36467.4
2023-11-21 16:00:00,36986.3
2023-11-20 16:00:00,37484.1
2023-11-19 16:00:00,36570.5
2023-11-18 16:00:00,36686.9
2023-11-17 16:00:00,36023.2
2023-11-16 16:00:00,36440.6
2023-11-15 16:00:00,36385
2023-11-14 16:00:00,36141.2
2023-11-13 16:00:00,36819.2
2023-11-12 16:00:00,37180.1
2023-11-11 16:00:00,37102.8
2023-11-10 16:00:00,37094.4
2023-11-09 16:00:00,37130.2
2023-11-08 16:00:00,35236.1
2023-11-07 16:00:00,34725.9
2023-11-06 16:00:00,35104.1
2023-11-05 16:00:00,34909.5
2023-11-04 16:00:00,34723.8
2023-11-03 16:00:00,34796.8
2023-11-02 16:00:00,34683.3
2023-11-01 16:00:00,34295.8
2023-10-31 16:00:00,34283.9
2023-10-31 16:00:00,34283.9
2023-10-30 16:00:00,34667.4
2023-10-29 16:00:00,34458.9
2023-10-28 16:00:00,34194.4
2023-10-27 16:00:00,33981.4
2023-10-26 16:00:00,34035.8
2023-10-25 16:00:00,34902.8
2023-10-24 16:00:00,33699.6
2023-10-23 16:00:00,30912.7
2023-10-22 16:00:00,29840.5
2023-10-21 16:00:00,29943.6
2023-10-20 16:00:00,29554.6
2023-10-19 16:00:00,28694
2023-10-18 16:00:00,28264.9
2023-10-17 16:00:00,28483.5
2023-10-16 16:00:00,28063.6
2023-10-15 16:00:00,26905.3
2023-10-14 16:00:00,26942
2023-10-13 16:00:00,26706
2023-10-12 16:00:00,26671.3
2023-10-11 16:00:00,26796.7
2023-10-10 16:00:00,27407.5
2023-10-09 16:00:00,27462.2
2023-10-08 16:00:00,27913.1
2023-10-07 16:00:00,27956.2
2023-10-06 16:00:00,27931.7
2023-10-05 16:00:00,27562.1
2023-10-04 16:00:00,27397.1
2023-10-03 16:00:00,27342.6
2023-10-02 16:00:00,28010.8
2023-10-01 16:00:00,27152.5
2023-09-30 16:00:00,27000.1
2023-09-29 16:00:00,26889.2
2023-09-28 16:00:00,26972.6
2023-09-27 16:00:00,26285.7
2023-09-26 16:00:00,26136.1
2023-09-25 16:00:00,26243.9
2023-09-24 16:00:00,26581.7
2023-09-23 16:00:00,26584
2023-09-22 16:00:00,26647.4
2023-09-21 16:00:00,26616.8
2023-09-20 16:00:00,27188.9
2023-09-19 16:00:00,27444.2
2023-09-18 16:00:00,27279.9
2023-09-17 16:00:00,26561
2023-09-16 16:00:00,26528.9
2023-09-15 16:00:00,26320.9
2023-09-14 16:00:00,26698.5
2023-09-13 16:00:00,26257.7
2023-09-12 16:00:00,26207.1
2023-09-11 16:00:00,25112.2
2023-09-10 16:00:00,25775.7
2023-09-09 16:00:00,25890.4
2023-09-08 16:00:00,25839.8
2023-09-07 16:00:00,25776.7
2023-09-06 16:00:00,25605.7
2023-09-05 16:00:00,25746.5
2023-09-04 16:00:00,25806.5
2023-09-03 16:00:00,25874.3
2023-09-02 16:00:00,25907.3
2023-09-01 16:00:00,25807.5
2023-08-31 16:00:00,26918.2
2023-08-30 16:00:00,27213.7
2023-08-29 16:00:00,27389.9
2023-08-28 16:00:00,26079.7
2023-08-27 16:00:00,26120.5
2023-08-26 16:00:00,26049.7
2023-08-25 16:00:00,25910.4
2023-08-24 16:00:00,25995.6
2023-08-23 16:00:00,26134.2
2023-08-22 16:00:00,25938.1
2023-08-21 16:00:00,25966.5
2023-08-20 16:00:00,26087.8
2023-08-19 16:00:00,26192.9
2023-08-18 16:00:00,25974.3
2023-08-17 16:00:00,27939.2
2023-08-16 16:00:00,29081.6
2023-08-15 16:00:00,29297.3
2023-08-14 16:00:00,29579.8
2023-08-13 16:00:00,29359.7
2023-08-12 16:00:00,29433.4
2023-08-11 16:00:00,29358.3
2023-08-10 16:00:00,29448.9
2023-08-09 16:00:00,29748.1
2023-08-08 16:00:00,29527.3
2023-08-07 16:00:00,28820.7
2023-08-06 16:00:00,28984.7
2023-08-05 16:00:00,29011.2
2023-08-04 16:00:00,29258.3
2023-08-03 16:00:00,29238.5
2023-08-02 16:00:00,29317.8
2023-08-01 16:00:00,28940.1
2023-07-31 16:00:00,29256.7
2023-07-30 16:00:00,29355.6
2023-07-29 16:00:00,29304
2023-07-28 16:00:00,29386.2
2023-07-27 16:00:00,29305.7
2023-07-26 16:00:00,29328
2023-07-25 16:00:00,29197
2023-07-24 16:00:00,29083.9
2023-07-23 16:00:00,29909.2
2023-07-22 16:00:00,29910
2023-07-21 16:00:00,29871.8
2023-07-20 16:00:00,29816.1
2023-07-19 16:00:00,29947.9
2023-07-18 16:00:00,29917.7
2023-07-17 16:00:00,30176
2023-07-16 16:00:00,30379
2023-07-15 16:00:00,30300.4
2023-07-14 16:00:00,31231.9
2023-07-13 16:00:00,30955.9
2023-07-12 16:00:00,30509.1
2023-07-11 16:00:00,30600
2023-07-10 16:00:00,30323.8
2023-07-09 16:00:00,30348.2
2023-07-08 16:00:00,30210.1
2023-07-07 16:00:00,30412.9
2023-07-06 16:00:00,30425.8
2023-07-05 16:00:00,30357.6
2023-07-04 16:00:00,30949.4
2023-07-03 16:00:00,31055
2023-07-02 16:00:00,30492.8
2023-07-01 16:00:00,30572.2
2023-06-30 16:00:00,30063.4
2023-06-29 16:00:00,30477
2023-06-28 16:00:00,30412.2
2023-06-27 16:00:00,30516.3
2023-06-26 16:00:00,30410.9
2023-06-25 16:00:00,30587.6
2023-06-24 16:00:00,30408.7
2023-06-23 16:00:00,31204
2023-06-22 16:00:00,29850.3
2023-06-21 16:00:00,29885.1
2023-06-20 16:00:00,27073.9
2023-06-19 16:00:00,26445.4
2023-06-18 16:00:00,26559.9
2023-06-17 16:00:00,26423.2
2023-06-16 16:00:00,25794.3
2023-06-15 16:00:00,24960.3
2023-06-14 16:00:00,25976.7
2023-06-13 16:00:00,25733.2
2023-06-12 16:00:00,25830.3
2023-06-11 16:00:00,25760.9
2023-06-10 16:00:00,25623.5
2023-06-09 16:00:00,26470.5
2023-06-08 16:00:00,26728
2023-06-07 16:00:00,26322.1
2023-06-06 16:00:00,26066
2023-06-05 16:00:00,26107
2023-06-04 16:00:00,27193.7
2023-06-03 16:00:00,27309.7
2023-06-02 16:00:00,27100.4
2023-06-01 16:00:00,26883.8
2023-05-31 16:00:00,26929.3
2023-05-30 16:00:00,27672.6
2023-05-29 16:00:00,27625.2
2023-05-28 16:00:00,27268.4
2023-05-27 16:00:00,26685.2
2023-05-26 16:00:00,26754.1
2023-05-25 16:00:00,26223.1
2023-05-24 16:00:00,26305.3
2023-05-23 16:00:00,27323.5
2023-05-22 16:00:00,26877.2
2023-05-21 16:00:00,26894.4
2023-05-20 16:00:00,26939.8
2023-05-19 16:00:00,26892
2023-05-18 16:00:00,27071.8
2023-05-17 16:00:00,26782.8
2023-05-16 16:00:00,27038
2023-05-15 16:00:00,27395.8
2023-05-14 16:00:00,27076.3
2023-05-13 16:00:00,26817.4
2023-05-12 16:00:00,26311.4
2023-05-11 16:00:00,27182.9
2023-05-10 16:00:00,28147.6
2023-05-09 16:00:00,27424.9
2023-05-08 16:00:00,27891.1
2023-05-07 16:00:00,28947
2023-05-06 16:00:00,28578.2
2023-05-05 16:00:00,29351.7
2023-05-04 16:00:00,28885.4
2023-05-03 16:00:00,28311.7
2023-05-02 16:00:00,28548.4
2023-05-01 16:00:00,28176.9
2023-04-30 16:00:00,29683.5
2023-04-29 16:00:00,29270.5
2023-04-28 16:00:00,29144.6
2023-04-27 16:00:00,29101.6
2023-04-26 16:00:00,29805.9
2023-04-25 16:00:00,27349.9
2023-04-24 16:00:00,27241.2
2023-04-23 16:00:00,27464.2
2023-04-22 16:00:00,27464.8
2023-04-21 16:00:00,28045.4
2023-04-20 16:00:00,28519.2
2023-04-19 16:00:00,29263.5
2023-04-18 16:00:00,30185.7
2023-04-17 16:00:00,29357.6
2023-04-16 16:00:00,30327.7
2023-04-15 16:00:00,30329.7
2023-04-15 16:00:00,30329.7
2023-04-14 16:00:00,30245.3
2023-04-13 16:00:00,30427.9
2023-04-12 16:00:00,29960
2023-04-11 16:00:00,30194.5
2023-04-10 16:00:00,28448.5
2023-04-09 16:00:00,27887.7
2023-04-08 16:00:00,28014
2023-04-07 16:00:00,27948.2
2023-04-06 16:00:00,28100.1
2023-04-05 16:00:00,28086.7
2023-04-04 16:00:00,28041.1
2023-04-03 16:00:00,28049.3
2023-04-02 16:00:00,28128.3
2023-04-01 16:00:00,28391.8
2023-03-31 16:00:00,28483.4
2023-03-30 16:00:00,28296.5
2023-03-29 16:00:00,28486.7
2023-03-28 16:00:00,26987.4
2023-03-27 16:00:00,26913.4
2023-03-26 16:00:00,27849.3
2023-03-25 16:00:00,27670.4
2023-03-24 16:00:00,28030
2023-03-23 16:00:00,28551
2023-03-22 16:00:00,28581.8
2023-03-21 16:00:00,28063.9
2023-03-20 16:00:00,27668.8
2023-03-19 16:00:00,27529.6
2023-03-18 16:00:00,27237.2
2023-03-17 16:00:00,26417
2023-03-16 16:00:00,24890.1
2023-03-15 16:00:00,24472.6
2023-03-14 16:00:00,25904.4
2023-03-13 16:00:00,24028.9
2023-03-12 16:00:00,20354.6
2023-03-11 16:00:00,20074.9
2023-03-10 16:00:00,20009.8
2023-03-09 16:00:00,21649
2023-03-08 16:00:00,22154.5
2023-03-07 16:00:00,22341.3
2023-03-06 16:00:00,22556.5
2023-03-05 16:00:00,22441.9
2023-03-04 16:00:00,22315.3
2023-03-03 16:00:00,22333
2023-03-02 16:00:00,23372.3
2023-03-01 16:00:00,23697.1
2023-02-28 16:00:00,23508
2023-02-27 16:00:00,23560
2023-02-26 16:00:00,23241.5
2023-02-25 16:00:00,23006.2
2023-02-24 16:00:00,23362.4
2023-02-23 16:00:00,23946.7
2023-02-22 16:00:00,23722.9
2023-02-21 16:00:00,24554.3
2023-02-20 16:00:00,24921.6
2023-02-19 16:00:00,24916.9
2023-02-18 16:00:00,24678.8
2023-02-17 16:00:00,24113
2023-02-16 16:00:00,24983
2023-02-15 16:00:00,22806.6
2023-02-14 16:00:00,22034.8
2023-02-13 16:00:00,21566.1
2023-02-12 16:00:00,21943
2023-02-11 16:00:00,21729
2023-02-10 16:00:00,21642.8
2023-02-09 16:00:00,22608.3
2023-02-08 16:00:00,22872.1
2023-02-07 16:00:00,22900.1
2023-02-06 16:00:00,23021.1
2023-02-05 16:00:00,23106
2023-02-04 16:00:00,23420.4
2023-02-03 16:00:00,23600.8
2023-02-02 16:00:00,23829.9
2023-02-01 16:00:00,22986.9
2023-01-31 16:00:00,23115
2023-01-30 16:00:00,23170.9
2023-01-29 16:00:00,23527.8
2023-01-28 16:00:00,23014.3
2023-01-27 16:00:00,22984.4
2023-01-26 16:00:00,22936.7
2023-01-25 16:00:00,22587.5
2023-01-24 16:00:00,22933.1
2023-01-23 16:00:00,22880
2023-01-22 16:00:00,22800
2023-01-21 16:00:00,22993.8
2023-01-20 16:00:00,21138.9
2023-01-19 16:00:00,20868
2023-01-18 16:00:00,21003.1
2023-01-17 16:00:00,21174.5
2023-01-16 16:00:00,20990.2
2023-01-15 16:00:00,20927.9
2023-01-14 16:00:00,20791.8
2023-01-13 16:00:00,19267
2023-01-12 16:00:00,18109.1
2023-01-11 16:00:00,17330.3
2023-01-10 16:00:00,17321
2023-01-09 16:00:00,17275.1
2023-01-08 16:00:00,17011.9
2023-01-07 16:00:00,16941.6
2023-01-06 16:00:00,16846.5
2023-01-05 16:00:00,16847
2023-01-04 16:00:00,16846.1
2023-01-03 16:00:00,16676.1
2023-01-02 16:00:00,16731.2
2023-01-01 16:00:00,16559.8
2022-12-31 16:00:00,16595.6
2022-12-30 16:00:00,16556.6
2022-12-29 16:00:00,16620.4
2022-12-28 16:00:00,16584.2
2022-12-27 16:00:00,16800.4
2022-12-26 16:00:00,16810.4
2022-12-25 16:00:00,16802.3
2022-12-24 16:00:00,16838.4
2022-12-23 16:00:00,16831.3
2022-12-22 16:00:00,16638.1
2022-12-21 16:00:00,16856
2022-12-20 16:00:00,16929
2022-12-19 16:00:00,16673.2
2022-12-18 16:00:00,16729.2
2022-12-17 16:00:00,16694.3
2022-12-16 16:00:00,16971.9
2022-12-15 16:00:00,17419.1
2022-12-14 16:00:00,18063.2
2022-12-13 16:00:00,17750.4
2022-12-12 16:00:00,17007.3
2022-12-11 16:00:00,17152.7
2022-12-10 16:00:00,17216.5
2022-12-09 16:00:00,17178.4
2022-12-08 16:00:00,16919.8
2022-12-07 16:00:00,16843.2
2022-12-06 16:00:00,16992
2022-12-05 16:00:00,17076.4
2022-12-04 16:00:00,17036.9
2022-12-03 16:00:00,16963.1
2022-12-02 16:00:00,16942.6
2022-12-01 16:00:00,16974.5
2022-11-30 16:00:00,16860.2
2022-11-29 16:00:00,16400.8
2022-11-28 16:00:00,16150
2022-11-27 16:00:00,16571.7
2022-11-26 16:00:00,16510.1
2022-11-25 16:00:00,16513.8
2022-11-24 16:00:00,16558.7
2022-11-23 16:00:00,16430
2022-11-22 16:00:00,16237.4
2022-11-21 16:00:00,16132
2022-11-20 16:00:00,16580.8
2022-11-19 16:00:00,16654.4
2022-11-18 16:00:00,16689.5
2022-11-17 16:00:00,16538.7
2022-11-16 16:00:00,16450.3
2022-11-15 16:00:00,16984.2
2022-11-14 16:00:00,16592.1
2022-11-13 16:00:00,16568.3
2022-11-12 16:00:00,16923.6
2022-11-11 16:00:00,16893.4
2022-11-10 16:00:00,17553.3
2022-11-09 16:00:00,17099.4
2022-11-08 16:00:00,19525
2022-11-07 16:00:00,20767.6
2022-11-06 16:00:00,21247.5
2022-11-05 16:00:00,21306.8
2022-11-04 16:00:00,20885.8
2022-11-03 16:00:00,20252.4
2022-11-02 16:00:00,20407.6
2022-11-01 16:00:00,20447.5
2022-10-31 16:00:00,20400
2022-10-30 16:00:00,20679
2022-10-29 16:00:00,20923.1
2022-10-28 16:00:00,20469.7
2022-10-27 16:00:00,20562.2
2022-10-26 16:00:00,20848.3
2022-10-25 16:00:00,19747.5
2022-10-24 16:00:00,19299.1
2022-10-23 16:00:00,19193
2022-10-22 16:00:00,19235.3
2022-10-21 16:00:00,19165
2022-10-20 16:00:00,19255.9
2022-10-19 16:00:00,19267.3
2022-10-18 16:00:00,19372.1
2022-10-17 16:00:00,19532.6
2022-10-16 16:00:00,19158.1
2022-10-15 16:00:00,19130.1
2022-10-14 16:00:00,19357.6
2022-10-13 16:00:00,18955.1
2022-10-12 16:00:00,19139.4
2022-10-11 16:00:00,19141.6
2022-10-10 16:00:00,19282.4
2022-10-09 16:00:00,19536.6
2022-10-08 16:00:00,19488.8
2022-10-07 16:00:00,19579
2022-10-06 16:00:00,20014
2022-10-05 16:00:00,19994.3
2022-10-04 16:00:00,20097.8
2022-10-03 16:00:00,19335.2
2022-10-02 16:00:00,19143.9
2022-10-01 16:00:00,19333.5
2022-09-30 16:00:00,19752.7
2022-09-29 16:00:00,19291.1
2022-09-28 16:00:00,19476.1
2022-09-28 16:00:00,19476.1
2022-09-27 16:00:00,19886.6
2022-09-26 16:00:00,19114.3
2022-09-25 16:00:00,18987.3
2022-09-24 16:00:00,19121.8
2022-09-23 16:00:00,18716.3
2022-09-22 16:00:00,18987
2022-09-21 16:00:00,19194.5
2022-09-20 16:00:00,19235.9
2022-09-19 16:00:00,19081.2
2022-09-18 16:00:00,19815
2022-09-17 16:00:00,19965.2
2022-09-16 16:00:00,19662.1
2022-09-15 16:00:00,19718
2022-09-14 16:00:00,20176.9
2022-09-13 16:00:00,20829.3
2022-09-12 16:00:00,22115.7
2022-09-11 16:00:00,21651.4
2022-09-10 16:00:00,21220.8
2022-09-09 16:00:00,21265.5
2022-09-08 16:00:00,19250.7
2022-09-07 16:00:00,18870.9
2022-09-06 16:00:00,19819.6
2022-09-05 16:00:00,19854.7
2022-09-04 16:00:00,19791.6
2022-09-03 16:00:00,19770.3
2022-09-02 16:00:00,20359.3
2022-09-01 16:00:00,19784.5
2022-08-31 16:00:00,20267.8
2022-08-30 16:00:00,20401.1
2022-08-29 16:00:00,20246.5
